BEGIN;

-- ============================================================
-- May 2026 expense data — FM (Facility Management) sites
-- 4 sites: Futtaim Admin Buildings, Mall of Egypt - Offices,
--          Movement / Admin Office, New Cairo
-- ============================================================

INSERT INTO expense_reports
  (id, site_id, month, year, status, submitted_by, approved_by,
   submitted_at, approved_at, rejection_notes,
   total_transportation, total_accommodation, total_other, grand_total)
VALUES
  ('a3000001-e000-4000-8000-000000000001', '6ee8ffc4-2d45-47dc-9301-b32b1cec5c6b', 5, 2026, 'approved',  NULL, NULL, '2026-06-01 09:00:00+00', '2026-06-03 10:00:00+00', NULL,  6500, 0, 13350, 19850),
  ('a3000002-e000-4000-8000-000000000002', '36f00bfb-c812-4f09-a90a-5e142d3cc8d4', 5, 2026, 'submitted', NULL, NULL, '2026-06-02 11:00:00+00', NULL,                    NULL, 15080, 0, 19980, 35060),
  ('a3000003-e000-4000-8000-000000000003', 'f7c0e6f9-3c08-4dc6-97cd-315572a17066', 5, 2026, 'draft',     NULL, NULL, NULL,                    NULL,                    NULL,  5200, 0,  5680, 10880),
  ('a3000004-e000-4000-8000-000000000004', '3c30a082-df4e-43c0-9c08-b8aadb5832f0', 5, 2026, 'approved',  NULL, NULL, '2026-06-01 08:00:00+00', '2026-06-02 14:00:00+00', NULL,  8320, 0, 26700, 35020);

INSERT INTO expense_transportation (id, report_id, vehicle_name, daily_cost, days_count, total, sort_order)
VALUES
  ('b3000001-e000-4000-8000-000000000001', 'a3000001-e000-4000-8000-000000000001', 'سيارة صيانة',       250, 26,  6500, 1),
  ('b3000002-e000-4000-8000-000000000001', 'a3000002-e000-4000-8000-000000000002', 'سيارة إشراف',        300, 26,  7800, 1),
  ('b3000002-e000-4000-8000-000000000002', 'a3000002-e000-4000-8000-000000000002', 'سيارة صيانة',        280, 26,  7280, 2),
  ('b3000003-e000-4000-8000-000000000001', 'a3000003-e000-4000-8000-000000000003', 'سيارة',              200, 26,  5200, 1),
  ('b3000004-e000-4000-8000-000000000001', 'a3000004-e000-4000-8000-000000000004', 'سيارة صيانة ونقل',  320, 26,  8320, 1);

INSERT INTO expense_items (id, report_id, category, description, amount, sort_order)
VALUES
  ('d3000001-e000-4000-8000-000000000001', 'a3000001-e000-4000-8000-000000000001', 'maintenance', 'صيانة مكيفات وكهرباء',    8500,  1),
  ('d3000001-e000-4000-8000-000000000002', 'a3000001-e000-4000-8000-000000000001', 'materials',   'مواد تنظيف مكاتب',         3200,  2),
  ('d3000001-e000-4000-8000-000000000003', 'a3000001-e000-4000-8000-000000000001', 'utilities',   'فواتير خدمات',              1200,  3),
  ('d3000001-e000-4000-8000-000000000004', 'a3000001-e000-4000-8000-000000000001', 'phone',       'تليفونات',                  450,   4),
  ('d3000002-e000-4000-8000-000000000001', 'a3000002-e000-4000-8000-000000000002', 'maintenance', 'صيانة الأجهزة والمعدات',  12000,  1),
  ('d3000002-e000-4000-8000-000000000002', 'a3000002-e000-4000-8000-000000000002', 'materials',   'مستلزمات مكتبية',           4500,  2),
  ('d3000002-e000-4000-8000-000000000003', 'a3000002-e000-4000-8000-000000000002', 'utilities',   'كهرباء وغاز',               2800,  3),
  ('d3000002-e000-4000-8000-000000000004', 'a3000002-e000-4000-8000-000000000002', 'phone',       'اشتراكات اتصالات',          680,   4),
  ('d3000003-e000-4000-8000-000000000001', 'a3000003-e000-4000-8000-000000000003', 'maintenance', 'صيانة دورية',              3500,  1),
  ('d3000003-e000-4000-8000-000000000002', 'a3000003-e000-4000-8000-000000000003', 'materials',   'مواد نظافة',                1800,  2),
  ('d3000003-e000-4000-8000-000000000003', 'a3000003-e000-4000-8000-000000000003', 'phone',       'تليفون',                    380,   3),
  ('d3000004-e000-4000-8000-000000000001', 'a3000004-e000-4000-8000-000000000004', 'maintenance', 'أعمال صيانة',              15000,  1),
  ('d3000004-e000-4000-8000-000000000002', 'a3000004-e000-4000-8000-000000000004', 'materials',   'مواد بناء وإصلاح',          8500,  2),
  ('d3000004-e000-4000-8000-000000000003', 'a3000004-e000-4000-8000-000000000004', 'utilities',   'مياه وكهرباء',              3200,  3);

COMMIT;
